"","id"
"1","8507750539885563380"
"2","4817139587086078689"
"3","-9111931341780307576"
"4","4496191920649739347"
"5","9033695744972072993"
"6","-8188638720577279163"
"7","-2531875720891133112"
"8","375196400634877094"
"9","4977878176498985760"
"10","9140514953477728134"
"11","-7545347992112963689"
"12","-2265770499832369487"
"13","-8939608412306483495"
"14","-2109470401482526186"
"15","-2200566318786854020"
"16","6710700564871770653"
"17","3420739253403379952"
"18","2440327587014975898"
"19","963155521800006415"
"20","-910409836652376082"
"21","-595680398785564689"
"22","4138631179547403938"
"23","8171694481960509149"
"24","-4169215600128704571"
"25","-8015618763951062393"
"26","778593712176295517"
"27","5039342224281592929"
"28","7158737734176060100"
"29","-150742751759308095"
"30","-3801419600830199048"
"31","-5052347787814934214"
"32","-1014147375867388215"
"33","5510460828863833540"
"34","4632477083328856853"
"35","5829712284417423553"
"36","-6669128456047834903"
"37","-290649908450582724"
"38","-8356303151323322921"
"39","-133014628300163222"
"40","1332107701671413820"
"41","-2299936700995862033"
"42","7850878548593074030"
"43","3528821281990145526"
"44","-8073017189073541138"
"45","-2056814564509388763"
"46","1685393985678457048"
"47","-9053976342694625635"
"48","7287342894640839607"
"49","7690085462478253680"
"50","-7463808890903380676"
"51","3934887264873752867"
"52","-1051670365943237645"
"53","1404933902319492121"
"54","-3212785207850349084"
"55","8596115707704972239"
"56","-4136293945453318069"
"57","7074361249633013650"
"58","8556962049153109223"
"59","-1690422511955589955"
"60","1037369510078157027"
"61","3709813188814751795"
"62","-4475332471115026051"
"63","-6912052022144370498"
"64","-9120418093314084977"
"65","-3409492502835059163"
"66","-4896417099078399246"
"67","-6235323789280108473"
"68","-754510669143280296"
"69","-6781003235278958016"
"70","-5669232169622284655"
"71","-7772300956773572321"
"72","-7583712953390133126"
"73","3292602537680048575"
"74","-7494356804684252412"
"75","-7068561086887525665"
"76","8986242563143777742"
"77","-1626819451886873579"
"78","2895123020470857315"
"79","-4619512107810359341"
"80","3615815606399006717"
"81","1141301096042178844"
"82","-6240376816714276706"
"83","7674537802828838532"
"84","4351330949823413403"
"85","6965825475489013928"
"86","5599653073255776911"
"87","4130327905760863618"
"88","-4170182944360082494"
"89","-1446149640127887716"
"90","7796681219901118741"
"91","-4251845893617507481"
"92","-181744167768479787"
"93","-1967291013072463669"
"94","-4580955449083471666"
"95","-247702615150796098"
"96","-3563049674900499656"
"97","-5456039446094105634"
"98","-2753191902135382077"
"99","225873056372186727"
"100","-334220898029454320"
"101","-5147621443259548872"
"102","-8996349630221493249"
"103","-8425572189548604018"
"104","-4590583408334966718"
"105","-3004838947217765621"
"106","6115634281952161783"
"107","7382461850882962025"
"108","-8999817060342921921"
"109","-2090378003088204237"
"110","5050209637230912742"
"111","-1405816868044444179"
"112","8554088884191859459"
"113","-1163467074943012750"
"114","-4014622110787192750"
"115","-5988287390295320486"
"116","-2247740756677554600"
"117","1749452455215026717"
"118","1333852283375655547"
"119","-2195239801625226879"
"120","3413271832145489210"
"121","1916558508606028291"
"122","8531364653719619495"
"123","-295189560292007993"
"124","-7779356272733434204"
"125","-780736706253869646"
"126","-4985343479912414921"
"127","-435466133887540172"
"128","-8278442701256055743"
"129","6598851144930426629"
"130","-5125982086586908470"
"131","-9135917128124126992"
"132","7764040485091461"
"133","-365345341352499946"
"134","3064491993660242752"
"135","-7699314416908721482"
"136","3252102333009889191"
"137","-4905504008330816978"
"138","4068345226743360664"
"139","-5700364084958283544"
"140","1763977091107560624"
"141","4325872640292664058"
"142","5143625109419629872"
"143","-6909569495717711869"
"144","975091556878034611"
"145","8861054124711405680"
"146","3878425342740102641"
"147","4815673996972698521"
"148","9047691044884968077"
"149","9044568837247347061"
"150","3477581099776549007"
"151","-7632263508116242466"
"152","-3298213378022981273"
"153","8024614572346363786"
"154","682203740686544463"
"155","-7192361627309505700"
"156","1153702769058217287"
"157","-3261131290467094230"
"158","-1917955979905589244"
"159","624043146927613150"
"160","-2195882875425232505"
"161","945243111267028931"
"162","1225260321617769294"
"163","3175878108122990638"
"164","6035015815290569076"
"165","-591121307405145325"
"166","-7009851673621226638"
"167","-4590546437166403713"
"168","4830719318728707501"
"169","-5995696390736908420"
"170","4639906590395647996"
"171","5474457854264056350"
"172","1565423545505441237"
"173","-3322467040655658324"
"174","-7317112705965721698"
"175","-814111284269765111"
"176","5962848286656983801"
"177","4556869757934328886"
"178","7591103988788147074"
"179","-5702444686507797754"
"180","9049846496958953299"
"181","-936195692612076307"
"182","-3575156346649815175"
"183","-7947357332541894414"
"184","6963394699551289446"
"185","5106431365464545339"
"186","8539852800437310603"
"187","-8018352496155500934"
"188","-4776960122449168185"
"189","3401001764519427613"
"190","-7350202699730881632"
"191","3933794915514388578"
"192","-8931210123258658307"
"193","5999867560572136273"
"194","5521051857484935632"
"195","-2370059126422373031"
"196","-8812454597370579693"
"197","1957916866758901897"
"198","171738294544436856"
"199","256704918205593629"
"200","8522787155961250757"
"201","7852837354083941819"
"202","5801687804713176404"
"203","-8582323650776242599"
"204","-5339961360499601727"
"205","-3393429259381094787"
"206","8426904192883861761"
"207","9193049132694878010"
"208","3804306689269536534"
"209","-8627475029164210323"
"210","9100315485080262788"
"211","2131645766712061527"
"212","-6390143014123480697"
"213","5536078391277167944"
"214","-6479177393439563032"
"215","6054942937770642038"
"216","-7216116364198123046"
"217","-6083430759087918359"
"218","-3681719467036514282"
"219","3162786446906477157"
"220","7057200899772785291"
"221","-6257322556513960002"
"222","4949518565740680060"
"223","8368493177956110740"
"224","3981538951477565111"
"225","9088865850712551161"
"226","5251233321817222374"
"227","7052893636395061973"
"228","7665976553575355703"
"229","2277073691551812866"
"230","-3422479174796088778"
"231","-4209942049145233504"
"232","-6421831433605486762"
"233","108085853077470225"
"234","4900126377957793491"
"235","862361114644015943"
"236","443848327819137812"
"237","-8897119537686986438"
"238","-6195805560231552846"
"239","-800659689219610361"
"240","-4382916669220838228"
"241","8402354262327958491"
"242","-6426247625480517468"
"243","-7329013516749237851"
"244","8519529802599800317"
"245","3303681828928339709"
"246","-6276606724308715807"
"247","3959319250503540706"
"248","4220995459433137566"
"249","-7648338950413361994"
"250","-7622154273240500336"
"251","-2080994550394489034"
"252","3493514547331037362"
"253","1367645691365341118"
"254","-1352472139412417435"
"255","-584173073577998456"
"256","-3586416418257805002"
"257","7210229895925052753"
"258","-3468580716674627425"
"259","3045573151349207762"
"260","4109099796969262719"
"261","-6841284586218123596"
"262","-1589015125670148196"
"263","3054548101838517883"
"264","-2691526144478427460"
"265","1147702936170891397"
"266","8027871522178729439"
"267","2720712733863489373"
"268","7551748334296989841"
"269","-5886790088920785825"
"270","-4185875612495137623"
"271","-3918115998020098253"
"272","-2005291754510660353"
"273","-1463900116577583459"
"274","6677346897122091172"
"275","6465380633725784934"
"276","2000098051535259096"
"277","-8092986474166342776"
"278","8613697998226934419"
"279","-5621810857597100181"
"280","1503503774237393763"
"281","8386220746148700385"
"282","3211045700945726360"
"283","2228062921760909342"
"284","-4583780310743199411"
"285","-6546688715351858796"
"286","-5161335018007062456"
"287","-6666785625249577507"
"288","-227496649088444148"
"289","2042633807518141742"
"290","-2630793830686981687"
"291","-1135098093351933725"
"292","-1768652038431118668"
"293","6694974120603701742"
"294","-6457859943045763490"
"295","5114260405020229332"
"296","-7363433300282806446"
"297","-8078906316963467613"
"298","4260088234180070159"
"299","2807196440767786265"
"300","-421845112043871739"
"301","-9179023582015518733"
"302","-543863456868583260"
"303","7149879460834313682"
"304","-5690111541569597548"
"305","-7071370157030818447"
"306","-1014302130875281495"
"307","7794865502103230919"
"308","1045035539652359261"
"309","81381827473397441"
"310","-5752258315544787351"
"311","8625468525995359811"
"312","3047741515900050204"
"313","115547740306875535"
"314","444650168935787706"
"315","-7488656495099306810"
"316","5451926608854927978"
"317","-8050170111831616307"
"318","-6364043058404228463"
"319","7010990264781132397"
"320","6687961526262676296"
"321","-4102671870734581127"
"322","5801184982512355304"
"323","8230827316986794479"
"324","-8152735276550230931"
"325","-7922718891041875472"
"326","3891549488622286472"
"327","5724101407039976256"
"328","3483465440305627661"
"329","-3590256302644951316"
"330","6096077493310627138"
"331","-6733786776413729026"
"332","-7352158598483137409"
"333","-1719222456746353241"
"334","7515368346036247710"
"335","3366718130284481948"
"336","-5146774051927472492"
"337","5618085463563435272"
"338","-7638514591557932487"
"339","7083849507247591251"
"340","-629879527485550015"
"341","-614989071021065285"
"342","-8442439696659884200"
"343","-4531165392600418301"
"344","1556569704665667107"
"345","-3681595183734261895"
"346","-4512654350840475712"
"347","291915129257800744"
"348","1044758861639274461"
"349","-7732650551746857448"
"350","-8443881698787268335"
"351","8230574834882377394"
"352","3779982293515486543"
"353","-8288128845339267941"
"354","-7095686043771473932"
"355","-6696461531989859406"
"356","-6913349843133096877"
"357","7414462408131222427"
"358","-4714617355573546259"
"359","6276761607579942995"
"360","5577587510836290992"
"361","-967656135774962799"
"362","-8641360931547659480"
"363","-351414975248686659"
"364","-6062301466658722281"
"365","2117614411314153225"
"366","-276336835364704630"
"367","-2786788462102793618"
"368","752595526336209770"
"369","3785780848477786762"
"370","-8452105667297239800"
"371","-7301456665609536237"
"372","4132264373299168049"
"373","-7834807474035995928"
"374","-1865928165361602667"
"375","3917765678622637228"
"376","403131557716472536"
"377","-732275622284038880"
"378","-8898002303817868932"
"379","8688036422249400362"
"380","-86966153371919246"
"381","-4563074862792510352"
"382","-7588202384127220627"
"383","-6964197756143129888"
"384","-3150919541251910725"
"385","7185116091022955101"
"386","6939881682337600621"
"387","8630960433916827072"
"388","-8936300991464434027"
"389","4593135329191491284"
"390","6411258623918125000"
"391","-2649468848601579419"
"392","1534022000062969388"
"393","-8635890005022547636"
"394","7297535754281789047"
"395","5622688959236158078"
"396","-8407332509067430259"
"397","-6842649315839513329"
"398","688371752165932215"
"399","-6449293881182525043"
"400","2494719457008649561"
"401","160504887162363124"
"402","6860128980094998771"
"403","6205058053749837164"
"404","2336921809360084580"
"405","3712032576200691090"
"406","-4383043960030232896"
"407","-5164006164547073569"
"408","6702647660432147079"
"409","4808257091215621600"
"410","-3644179746436354764"
"411","4489544966414833926"
"412","6187648804629420194"
"413","2753140355170966869"
"414","5814386247746229651"
"415","5327606702263598064"
"416","2382894898854717162"
"417","4866904335458562952"
"418","5131501116273356152"
"419","-6593913604562644698"
"420","-2236111674432238724"
"421","7425834381872822334"
"422","6635131294638132197"
"423","-1426291340494009159"
"424","-7058079667352909716"
"425","-4475849742285779468"
"426","4198343937447204823"
"427","-535961477090813264"
"428","-1831493247469088591"
"429","6785046900299830140"
"430","-300547239258871951"
"431","-5322455906338979002"
"432","-4649381473345273598"
"433","150533352711515139"
"434","3390160942667715801"
"435","-6150428159299129076"
"436","-6770036321347062969"
"437","-8137557024581817022"
"438","3587780352041676204"
"439","4294998034886404990"
"440","-3635132951549045157"
"441","-7071804239776372095"
"442","-3044973488261748882"
"443","-3069720100603243395"
"444","-1692231496387925822"
"445","-188101786329632874"
"446","5352894092957734"
"447","-54384693348921177"
"448","-7672755549182468718"
"449","8117191889131865070"
"450","-8407070678944794156"
"451","-1216990037552277181"
"452","-3684750224573218257"
"453","-4107384088368443454"
"454","2917058922054179170"
"455","-2862973756970470052"
"456","-1123275026255571338"
"457","7516790661904016107"
"458","6386268144888746041"
"459","3006756446497346091"
"460","255397896626419613"
